{
  "$schema": "https://developer.microsoft.com/json-schemas/core-build/serve.schema.json",
  "port": 4321,
  "https": true,
  "serveConfigurations": {
    "default": {
      "pageUrl": "https://xfps.sharepoint.com/SitePages/test.aspx",
      "customActions": {
        "e33e08f3-5c41-4e0b-9221-7131144f9d74": {
          "location": "ClientSideExtension.ApplicationCustomizer",
          "properties": {
            "festivalName": "Diwali"
          }
        }
      }
    },
    "Diwali": {
      "pageUrl": "https://xfps.sharepoint.com/SitePages/test.aspx",
      "customActions": {
        "e33e08f3-5c41-4e0b-9221-7131144f9d74": {
          "location": "ClientSideExtension.ApplicationCustomizer",
          "properties": {
            "festivalName": "Diwali"
          }
        }
      }
    },
    "Christmas1": {
      "pageUrl": "https://xfps.sharepoint.com/SitePages/test.aspx",
      "customActions": {
        "e33e08f3-5c41-4e0b-9221-7131144f9d74": {
          "location": "ClientSideExtension.ApplicationCustomizer",
          "properties": {
            "festivalName": "Christmas1"
          }
        }
      }
    },
    "Christmas2": {
      "pageUrl": "https://xfps.sharepoint.com/SitePages/test.aspx",
      "customActions": {
        "e33e08f3-5c41-4e0b-9221-7131144f9d74": {
          "location": "ClientSideExtension.ApplicationCustomizer",
          "properties": {
            "festivalName": "Christmas2"
          }
        }
      }
    }
  }
}