{
  "$schema": "https://developer.microsoft.com/json-schemas/spfx/client-side-web-part-manifest.schema.json",
  "id": "48e2d130-7eb7-4ee9-aa23-5ddbdfd175b1",
  "alias": "ListFormWebPart",
  "componentType": "WebPart",
  // The "*" signifies that the version should be taken from the package.json
  "version": "*",
  "manifestVersion": 2,
  // If true, the component can only be installed on sites where Custom Script is allowed.
  // Components that allow authors to embed arbitrary script code should set this to true.
  // https://support.office.com/en-us/article/Turn-scripting-capabilities-on-or-off-1f2c515f-5d7e-448a-9fd7-835da935584f
  "requiresCustomScript": false,
  "supportedHosts": [
    "SharePointWebPart"
  ],
  "preconfiguredEntries": [
    {
      "groupId": "48e2d130-7eb7-4ee9-aa23-5ddbdfd175b1",
      "group": {
        "default": "Under Development"
      },
      "title": {
        "default": "List Form",
        "fr-fr": "Formulaire de liste"
      },
      "description": {
        "default": "Shows a form for the selected list",
        "fr-fr": "Affiche un formulaire pour la liste sélectionnée"
      },
      "officeFabricIconFontName": "PreviewLink",
      "properties": {
        "title": "List Form",
        "description": "",
        "listUrl": "",
        "formType": 3
      }
    }
  ]
}